Sample_ID,Original_Sentence,Original_Intent,Original_Entities,Augmented_Sentence,Augmented_Intent,Augmented_Entities,Augmentation_Method,Quality_Score_1_5,Naturalness_Score_1_5,Comments,Approved_Yes_No
1,"tiếng ti vi to quá, giảm đi ",giảm âm lượng của thiết bị,"[{""type"": ""device"", ""filler"": ""ti vi""}]","tiếng ti vi to quá, giảm xuống đi",giảm âm lượng của thiết bị,"[{""type"": ""device"", ""filler"": ""ti vi""}]",synonym_replacement,,,,
2,"tiếng ti vi to quá, giảm đi ",giảm âm lượng của thiết bị,"[{""type"": ""device"", ""filler"": ""ti vi""}]","Có thể tiếng ti vi to quá, giảm đi  nha",giảm âm lượng của thiết bị,"[{""type"": ""device"", ""filler"": ""ti vi""}]",politeness_addition,,,,
3,giảm cho anh cái radio mau lên,giảm âm lượng của thiết bị,"[{""type"": ""device"", ""filler"": ""radio""}]",hạ cho anh cái radio mau lên,giảm âm lượng của thiết bị,"[{""type"": ""device"", ""filler"": ""radio""}]",synonym_replacement,,,,
4,giảm cho anh cái radio mau lên,giảm âm lượng của thiết bị,"[{""type"": ""device"", ""filler"": ""radio""}]",Làm ơn giảm cho anh cái radio mau lên,giảm âm lượng của thiết bị,"[{""type"": ""device"", ""filler"": ""radio""}]",politeness_addition,,,,
5,trời nóng quá giảm nhiệt độ của cái máy lạnh xuống nhớ,giảm nhiệt độ của thiết bị,"[{""type"": ""device"", ""filler"": ""máy lạnh""}]",trời nóng quá giảm xuống nhiệt độ của cái máy lạnh xuống nhớ,giảm nhiệt độ của thiết bị,"[{""type"": ""device"", ""filler"": ""máy lạnh""}]",synonym_replacement,,,,
6,trời nóng quá giảm nhiệt độ của cái máy lạnh xuống nhớ,giảm nhiệt độ của thiết bị,"[{""type"": ""device"", ""filler"": ""máy lạnh""}]",Có thể trời nóng quá giảm nhiệt độ của cái máy lạnh xuống nhớ nhé,giảm nhiệt độ của thiết bị,"[{""type"": ""device"", ""filler"": ""máy lạnh""}]",politeness_addition,,,,
7,tiếng to quá giảm cho mình cái radio xuống,giảm âm lượng của thiết bị,"[{""type"": ""device"", ""filler"": ""radio""}]",tiếng to quá điều chỉnh xuống cho mình cái radio xuống,giảm âm lượng của thiết bị,"[{""type"": ""device"", ""filler"": ""radio""}]",synonym_replacement,,,,
8,tiếng to quá giảm cho mình cái radio xuống,giảm âm lượng của thiết bị,"[{""type"": ""device"", ""filler"": ""radio""}]",Anh/chị ơi tiếng to quá giảm cho mình cái radio xuống với,giảm âm lượng của thiết bị,"[{""type"": ""device"", ""filler"": ""radio""}]",politeness_addition,,,,
9,em gì ơi tăng giúp anh cái máy nghe nhạc lên với,tăng âm lượng của thiết bị,"[{""type"": ""device"", ""filler"": ""máy nghe nhạc""}]",em gì ơi tăng lên giúp anh cái máy nghe nhạc lên với,tăng âm lượng của thiết bị,"[{""type"": ""device"", ""filler"": ""máy nghe nhạc""}]",synonym_replacement,,,,
10,em gì ơi tăng giúp anh cái máy nghe nhạc lên với,tăng âm lượng của thiết bị,"[{""type"": ""device"", ""filler"": ""máy nghe nhạc""}]",Làm ơn em gì ơi tăng giúp anh cái máy nghe nhạc lên với,tăng âm lượng của thiết bị,"[{""type"": ""device"", ""filler"": ""máy nghe nhạc""}]",politeness_addition,,,,
11,bạn ơi giảm giúp mình bóng sưởi về 76%,giảm nhiệt độ của thiết bị,"[{""type"": ""device"", ""filler"": ""bóng sưởi""}, {""type"": ""target number"", ""filler"": ""76%""}]",bạn ơi giảm xuống giúp mình bóng sưởi về 76%,giảm nhiệt độ của thiết bị,"[{""type"": ""device"", ""filler"": ""bóng sưởi""}, {""type"": ""target number"", ""filler"": ""76%""}]",synonym_replacement,,,,
12,bạn ơi giảm giúp mình bóng sưởi về 76%,giảm nhiệt độ của thiết bị,"[{""type"": ""device"", ""filler"": ""bóng sưởi""}, {""type"": ""target number"", ""filler"": ""76%""}]",Bạn ơi bạn ơi giảm giúp mình bóng sưởi về 76%,giảm nhiệt độ của thiết bị,"[{""type"": ""device"", ""filler"": ""bóng sưởi""}, {""type"": ""target number"", ""filler"": ""76%""}]",politeness_addition,,,,
13,âm lượng to quá hãy giảm cái radio lại đi,giảm âm lượng của thiết bị,"[{""type"": ""device"", ""filler"": ""radio""}]",âm lượng to quá hãy hạ cái radio lại đi,giảm âm lượng của thiết bị,"[{""type"": ""device"", ""filler"": ""radio""}]",synonym_replacement,,,,
14,âm lượng to quá hãy giảm cái radio lại đi,giảm âm lượng của thiết bị,"[{""type"": ""device"", ""filler"": ""radio""}]",âm lượng to quá hãy giảm cái radio lại đi giúp tôi,giảm âm lượng của thiết bị,"[{""type"": ""device"", ""filler"": ""radio""}]",politeness_addition,,,,
15,tăng giúp mình cái ti vi trong 23 tiếng 56 phút nhá,tăng âm lượng của thiết bị,"[{""type"": ""device"", ""filler"": ""ti vi""}, {""type"": ""duration"", ""filler"": ""23 tiếng 56 phút""}]",điều chỉnh lên giúp mình cái ti vi trong 23 tiếng 56 phút nhá,tăng âm lượng của thiết bị,"[{""type"": ""device"", ""filler"": ""ti vi""}, {""type"": ""duration"", ""filler"": ""23 tiếng 56 phút""}]",synonym_replacement,,,,
16,tăng giúp mình cái ti vi trong 23 tiếng 56 phút nhá,tăng âm lượng của thiết bị,"[{""type"": ""device"", ""filler"": ""ti vi""}, {""type"": ""duration"", ""filler"": ""23 tiếng 56 phút""}]",tăng giúp mình cái ti vi trong 23 tiếng 56 phút nhá được không,tăng âm lượng của thiết bị,"[{""type"": ""device"", ""filler"": ""ti vi""}, {""type"": ""duration"", ""filler"": ""23 tiếng 56 phút""}]",politeness_addition,,,,
17,giảm máy lạnh em ơi,giảm nhiệt độ của thiết bị,"[{""type"": ""device"", ""filler"": ""máy lạnh""}]",hạ máy lạnh em ơi,giảm nhiệt độ của thiết bị,"[{""type"": ""device"", ""filler"": ""máy lạnh""}]",synonym_replacement,,,,
18,ồn quá giảm cho anh cái radio xuống với,giảm âm lượng của thiết bị,"[{""type"": ""device"", ""filler"": ""radio""}]",ồn quá điều chỉnh xuống cho anh cái radio xuống với,giảm âm lượng của thiết bị,"[{""type"": ""device"", ""filler"": ""radio""}]",synonym_replacement,,,,
19,ồn quá giảm cho anh cái radio xuống với,giảm âm lượng của thiết bị,"[{""type"": ""device"", ""filler"": ""radio""}]",ồn quá giảm cho anh cái radio xuống với nha,giảm âm lượng của thiết bị,"[{""type"": ""device"", ""filler"": ""radio""}]",politeness_addition,,,,
20,"em ơi, giảm cho anh cái máy lạnh với",giảm nhiệt độ của thiết bị,"[{""type"": ""device"", ""filler"": ""máy lạnh""}]","em ơi, hạ cho anh cái máy lạnh với",giảm nhiệt độ của thiết bị,"[{""type"": ""device"", ""filler"": ""máy lạnh""}]",synonym_replacement,,,,
21,em ơi tăng radio lên 38% giúp chị,tăng âm lượng của thiết bị,"[{""type"": ""device"", ""filler"": ""radio""}, {""type"": ""target number"", ""filler"": ""38%""}]",em ơi điều chỉnh lên radio lên 38% giúp chị,tăng âm lượng của thiết bị,"[{""type"": ""device"", ""filler"": ""radio""}, {""type"": ""target number"", ""filler"": ""38%""}]",synonym_replacement,,,,
22,em ơi tăng radio lên 38% giúp chị,tăng âm lượng của thiết bị,"[{""type"": ""device"", ""filler"": ""radio""}, {""type"": ""target number"", ""filler"": ""38%""}]",em ơi tăng radio lên 38% giúp chị giúp tôi,tăng âm lượng của thiết bị,"[{""type"": ""device"", ""filler"": ""radio""}, {""type"": ""target number"", ""filler"": ""38%""}]",politeness_addition,,,,
23,"bạn ơi, hãy giảm radio cho mình radio xuống còn 65% nha",giảm âm lượng của thiết bị,"[{""type"": ""device"", ""filler"": ""radio""}, {""type"": ""target number"", ""filler"": ""65%""}]","bạn ơi, hãy giảm xuống radio cho mình radio xuống còn 65% nha",giảm âm lượng của thiết bị,"[{""type"": ""device"", ""filler"": ""radio""}, {""type"": ""target number"", ""filler"": ""65%""}]",synonym_replacement,,,,
24,"bạn ơi, hãy giảm radio cho mình radio xuống còn 65% nha",giảm âm lượng của thiết bị,"[{""type"": ""device"", ""filler"": ""radio""}, {""type"": ""target number"", ""filler"": ""65%""}]","Anh/chị ơi bạn ơi, hãy giảm radio cho mình radio xuống còn 65% nha",giảm âm lượng của thiết bị,"[{""type"": ""device"", ""filler"": ""radio""}, {""type"": ""target number"", ""filler"": ""65%""}]",politeness_addition,,,,
25,bạn ơi lạnh quá giảm giúp mình máy lạnh xuống nhé,giảm nhiệt độ của thiết bị,"[{""type"": ""device"", ""filler"": ""máy lạnh""}]",bạn ơi lạnh quá điều chỉnh xuống giúp mình máy lạnh xuống nhé,giảm nhiệt độ của thiết bị,"[{""type"": ""device"", ""filler"": ""máy lạnh""}]",synonym_replacement,,,,
26,bạn ơi lạnh quá giảm giúp mình máy lạnh xuống nhé,giảm nhiệt độ của thiết bị,"[{""type"": ""device"", ""filler"": ""máy lạnh""}]",bạn ơi lạnh quá giảm giúp mình máy lạnh xuống nhé với,giảm nhiệt độ của thiết bị,"[{""type"": ""device"", ""filler"": ""máy lạnh""}]",politeness_addition,,,,
27,tăng radio thêm 31% lúc 11 giờ 27 phút cho mình,tăng âm lượng của thiết bị,"[{""type"": ""device"", ""filler"": ""radio""}, {""type"": ""changing value"", ""filler"": ""31%""}, {""type"": ""time at"", ""filler"": ""11 giờ 27 phút""}]",điều chỉnh lên radio thêm 31% lúc 11 giờ 27 phút cho mình,tăng âm lượng của thiết bị,"[{""type"": ""device"", ""filler"": ""radio""}, {""type"": ""changing value"", ""filler"": ""31%""}, {""type"": ""time at"", ""filler"": ""11 giờ 27 phút""}]",synonym_replacement,,,,
28,tăng radio thêm 31% lúc 11 giờ 27 phút cho mình,tăng âm lượng của thiết bị,"[{""type"": ""device"", ""filler"": ""radio""}, {""type"": ""changing value"", ""filler"": ""31%""}, {""type"": ""time at"", ""filler"": ""11 giờ 27 phút""}]",Anh/chị ơi tăng radio thêm 31% lúc 11 giờ 27 phút cho mình với,tăng âm lượng của thiết bị,"[{""type"": ""device"", ""filler"": ""radio""}, {""type"": ""changing value"", ""filler"": ""31%""}, {""type"": ""time at"", ""filler"": ""11 giờ 27 phút""}]",politeness_addition,,,,
29,"ồn quá, bạn giảm cái radio xuống 1 chút giúp mình với",giảm âm lượng của thiết bị,"[{""type"": ""device"", ""filler"": ""radio""}]","ồn quá, bạn điều chỉnh xuống cái radio xuống 1 chút giúp mình với",giảm âm lượng của thiết bị,"[{""type"": ""device"", ""filler"": ""radio""}]",synonym_replacement,,,,
30,"ồn quá, bạn giảm cái radio xuống 1 chút giúp mình với",giảm âm lượng của thiết bị,"[{""type"": ""device"", ""filler"": ""radio""}]","Có thể ồn quá, bạn giảm cái radio xuống 1 chút giúp mình với được không",giảm âm lượng của thiết bị,"[{""type"": ""device"", ""filler"": ""radio""}]",politeness_addition,,,,
31,em yêu ơi giảm giúp anh cái máy lạnh,giảm nhiệt độ của thiết bị,"[{""type"": ""device"", ""filler"": ""máy lạnh""}]",em yêu ơi giảm xuống giúp anh cái máy lạnh,giảm nhiệt độ của thiết bị,"[{""type"": ""device"", ""filler"": ""máy lạnh""}]",synonym_replacement,,,,
32,em yêu ơi giảm giúp anh cái máy lạnh,giảm nhiệt độ của thiết bị,"[{""type"": ""device"", ""filler"": ""máy lạnh""}]",Giúp tôi em yêu ơi giảm giúp anh cái máy lạnh với,giảm nhiệt độ của thiết bị,"[{""type"": ""device"", ""filler"": ""máy lạnh""}]",politeness_addition,,,,
33,tiếng radio ở phòng thay đồ số 2 bé quá bạn tăng lên cho mình đi,tăng âm lượng của thiết bị,"[{""type"": ""device"", ""filler"": ""radio""}, {""type"": ""living_space"", ""filler"": ""phòng thay đồ số 2""}]",tiếng radio ở phòng thay đồ số 2 bé quá bạn tăng lên lên cho mình đi,tăng âm lượng của thiết bị,"[{""type"": ""device"", ""filler"": ""radio""}, {""type"": ""living_space"", ""filler"": ""phòng thay đồ số 2""}]",synonym_replacement,,,,
34,tiếng radio ở phòng thay đồ số 2 bé quá bạn tăng lên cho mình đi,tăng âm lượng của thiết bị,"[{""type"": ""device"", ""filler"": ""radio""}, {""type"": ""living_space"", ""filler"": ""phòng thay đồ số 2""}]",Xin hãy tiếng radio ở phòng thay đồ số 2 bé quá bạn tăng lên cho mình đi,tăng âm lượng của thiết bị,"[{""type"": ""device"", ""filler"": ""radio""}, {""type"": ""living_space"", ""filler"": ""phòng thay đồ số 2""}]",politeness_addition,,,,
35,em ơi giảm giúp anh cái bóng sưởi xuống 76% với,giảm nhiệt độ của thiết bị,"[{""type"": ""device"", ""filler"": ""bóng sưởi""}, {""type"": ""target number"", ""filler"": ""76%""}]",em ơi hạ giúp anh cái bóng sưởi xuống 76% với,giảm nhiệt độ của thiết bị,"[{""type"": ""device"", ""filler"": ""bóng sưởi""}, {""type"": ""target number"", ""filler"": ""76%""}]",synonym_replacement,,,,
36,em ơi giảm giúp anh cái bóng sưởi xuống 76% với,giảm nhiệt độ của thiết bị,"[{""type"": ""device"", ""filler"": ""bóng sưởi""}, {""type"": ""target number"", ""filler"": ""76%""}]",Có thể em ơi giảm giúp anh cái bóng sưởi xuống 76% với,giảm nhiệt độ của thiết bị,"[{""type"": ""device"", ""filler"": ""bóng sưởi""}, {""type"": ""target number"", ""filler"": ""76%""}]",politeness_addition,,,,
37,em ơi giảm cho anh cái máy lạnh nhá,giảm nhiệt độ của thiết bị,"[{""type"": ""device"", ""filler"": ""máy lạnh""}]",em ơi điều chỉnh xuống cho anh cái máy lạnh nhá,giảm nhiệt độ của thiết bị,"[{""type"": ""device"", ""filler"": ""máy lạnh""}]",synonym_replacement,,,,
38,bạn ơi giảm cho radio xuống mức 65% nhé,giảm âm lượng của thiết bị,"[{""type"": ""device"", ""filler"": ""radio""}, {""type"": ""target number"", ""filler"": ""65%""}]",bạn ơi hạ cho radio xuống mức 65% nhé,giảm âm lượng của thiết bị,"[{""type"": ""device"", ""filler"": ""radio""}, {""type"": ""target number"", ""filler"": ""65%""}]",synonym_replacement,,,,
39,bạn ơi giảm cho radio xuống mức 65% nhé,giảm âm lượng của thiết bị,"[{""type"": ""device"", ""filler"": ""radio""}, {""type"": ""target number"", ""filler"": ""65%""}]",Anh/chị ơi bạn ơi giảm cho radio xuống mức 65% nhé,giảm âm lượng của thiết bị,"[{""type"": ""device"", ""filler"": ""radio""}, {""type"": ""target number"", ""filler"": ""65%""}]",politeness_addition,,,,
40,em ơi lạnh quá giảm giúp anh cái máy lạnh xuống đi,giảm nhiệt độ của thiết bị,"[{""type"": ""device"", ""filler"": ""máy lạnh""}]",em ơi lạnh quá hạ giúp anh cái máy lạnh xuống đi,giảm nhiệt độ của thiết bị,"[{""type"": ""device"", ""filler"": ""máy lạnh""}]",synonym_replacement,,,,
41,trợ lý ảo ơi giảm giúp mình cái máy lạnh xuống với,giảm nhiệt độ của thiết bị,"[{""type"": ""device"", ""filler"": ""máy lạnh""}]",trợ lý ảo ơi giảm xuống giúp mình cái máy lạnh xuống với,giảm nhiệt độ của thiết bị,"[{""type"": ""device"", ""filler"": ""máy lạnh""}]",synonym_replacement,,,,
42,lạnh quá em ơi giảm giúp anh cái máy lạnh với,giảm nhiệt độ của thiết bị,"[{""type"": ""device"", ""filler"": ""máy lạnh""}]",lạnh quá em ơi giảm xuống giúp anh cái máy lạnh với,giảm nhiệt độ của thiết bị,"[{""type"": ""device"", ""filler"": ""máy lạnh""}]",synonym_replacement,,,,
43,lạnh quá em ơi giảm giúp anh cái máy lạnh với,giảm nhiệt độ của thiết bị,"[{""type"": ""device"", ""filler"": ""máy lạnh""}]",Có thể lạnh quá em ơi giảm giúp anh cái máy lạnh với,giảm nhiệt độ của thiết bị,"[{""type"": ""device"", ""filler"": ""máy lạnh""}]",politeness_addition,,,,
44,ông cháu ơi tăng radio giúp mình với,tăng âm lượng của thiết bị,"[{""type"": ""device"", ""filler"": ""radio""}]",ông cháu ơi điều chỉnh lên radio giúp mình với,tăng âm lượng của thiết bị,"[{""type"": ""device"", ""filler"": ""radio""}]",synonym_replacement,,,,
45,"bạn ơi, tăng cái ti vi cho mình trong 23 tiếng 56 phút nhá",tăng âm lượng của thiết bị,"[{""type"": ""device"", ""filler"": ""ti vi""}, {""type"": ""duration"", ""filler"": ""23 tiếng 56 phút""}]","bạn ơi, tăng lên cái ti vi cho mình trong 23 tiếng 56 phút nhá",tăng âm lượng của thiết bị,"[{""type"": ""device"", ""filler"": ""ti vi""}, {""type"": ""duration"", ""filler"": ""23 tiếng 56 phút""}]",synonym_replacement,,,,
46,"bạn ơi, tăng cái ti vi cho mình trong 23 tiếng 56 phút nhá",tăng âm lượng của thiết bị,"[{""type"": ""device"", ""filler"": ""ti vi""}, {""type"": ""duration"", ""filler"": ""23 tiếng 56 phút""}]","Bạn ơi bạn ơi, tăng cái ti vi cho mình trong 23 tiếng 56 phút nhá được không",tăng âm lượng của thiết bị,"[{""type"": ""device"", ""filler"": ""ti vi""}, {""type"": ""duration"", ""filler"": ""23 tiếng 56 phút""}]",politeness_addition,,,,
47,"bạn ơi, tăng cái ti vi cho mình trong 23 tiếng 56 phút nhá",tăng âm lượng của thiết bị,"[{""type"": ""device"", ""filler"": ""ti vi""}, {""type"": ""duration"", ""filler"": ""23 tiếng 56 phút""}]","trong 23, bạn ơi, tăng cái ti vi cho mình ",tăng âm lượng của thiết bị,"[{""type"": ""device"", ""filler"": ""ti vi""}, {""type"": ""duration"", ""filler"": ""23 tiếng 56 phút""}]",sentence_restructuring,,,,
48,tăng radio phòng thay đồ số 2 lên 38% đi,tăng âm lượng của thiết bị,"[{""type"": ""device"", ""filler"": ""radio""}, {""type"": ""living_space"", ""filler"": ""phòng thay đồ số 2""}, {""type"": ""target number"", ""filler"": ""38%""}]",tăng lên radio phòng thay đồ số 2 lên 38% đi,tăng âm lượng của thiết bị,"[{""type"": ""device"", ""filler"": ""radio""}, {""type"": ""living_space"", ""filler"": ""phòng thay đồ số 2""}, {""type"": ""target number"", ""filler"": ""38%""}]",synonym_replacement,,,,
49,em ơi tăng cho anh cái radio ở phòng thay đồ số 2 lên 38% vào lúc 4 tiếng 44 phút nhá,tăng âm lượng của thiết bị,"[{""type"": ""device"", ""filler"": ""radio""}, {""type"": ""living_space"", ""filler"": ""phòng thay đồ số 2""}, {""type"": ""target number"", ""filler"": ""38%""}, {""type"": ""duration"", ""filler"": ""4 tiếng 44 phút""}]","vào lúc, em ơi tăng cho anh cái radio ở phòng thay đồ số 2 lên 38% ",tăng âm lượng của thiết bị,"[{""type"": ""device"", ""filler"": ""radio""}, {""type"": ""living_space"", ""filler"": ""phòng thay đồ số 2""}, {""type"": ""target number"", ""filler"": ""38%""}, {""type"": ""duration"", ""filler"": ""4 tiếng 44 phút""}]",sentence_restructuring,,,,
50,"giảm máy lạnh cho anh đi em ơi, anh nổi hết cả da gà rồi",giảm nhiệt độ của thiết bị,"[{""type"": ""device"", ""filler"": ""máy lạnh""}]","giảm xuống máy lạnh cho anh đi em ơi, anh nổi hết cả da gà rồi",giảm nhiệt độ của thiết bị,"[{""type"": ""device"", ""filler"": ""máy lạnh""}]",synonym_replacement,,,,
51,"giảm máy lạnh cho anh đi em ơi, anh nổi hết cả da gà rồi",giảm nhiệt độ của thiết bị,"[{""type"": ""device"", ""filler"": ""máy lạnh""}]","giảm máy lạnh cho anh đi em ơi, anh nổi hết cả da gà rồi nhé",giảm nhiệt độ của thiết bị,"[{""type"": ""device"", ""filler"": ""máy lạnh""}]",politeness_addition,,,,
52,"em ơi, giảm cho anh cái ti vi với",giảm âm lượng của thiết bị,"[{""type"": ""device"", ""filler"": ""ti vi""}]","em ơi, giảm xuống cho anh cái ti vi với",giảm âm lượng của thiết bị,"[{""type"": ""device"", ""filler"": ""ti vi""}]",synonym_replacement,,,,
53,"em ơi, giảm cho anh cái ti vi với",giảm âm lượng của thiết bị,"[{""type"": ""device"", ""filler"": ""ti vi""}]","Giúp tôi em ơi, giảm cho anh cái ti vi với",giảm âm lượng của thiết bị,"[{""type"": ""device"", ""filler"": ""ti vi""}]",politeness_addition,,,,
54,"em ơi, giảm cho anh cái máy lạnh được không",giảm nhiệt độ của thiết bị,"[{""type"": ""device"", ""filler"": ""máy lạnh""}]","em ơi, điều chỉnh xuống cho anh cái máy lạnh được không",giảm nhiệt độ của thiết bị,"[{""type"": ""device"", ""filler"": ""máy lạnh""}]",synonym_replacement,,,,
55,em ơi giảm ti vi xuống giúp chị với tiếng nó bị to quá,giảm âm lượng của thiết bị,"[{""type"": ""device"", ""filler"": ""ti vi""}]",em ơi giảm xuống ti vi xuống giúp chị với tiếng nó bị to quá,giảm âm lượng của thiết bị,"[{""type"": ""device"", ""filler"": ""ti vi""}]",synonym_replacement,,,,
56,em ơi giảm ti vi xuống giúp chị với tiếng nó bị to quá,giảm âm lượng của thiết bị,"[{""type"": ""device"", ""filler"": ""ti vi""}]",Giúp tôi em ơi giảm ti vi xuống giúp chị với tiếng nó bị to quá,giảm âm lượng của thiết bị,"[{""type"": ""device"", ""filler"": ""ti vi""}]",politeness_addition,,,,
57,tới giờ rồi giảm âm lượng ti vi xuống một chút nhé,giảm âm lượng của thiết bị,"[{""type"": ""device"", ""filler"": ""ti vi""}]",tới giờ rồi hạ âm lượng ti vi xuống một chút nhé,giảm âm lượng của thiết bị,"[{""type"": ""device"", ""filler"": ""ti vi""}]",synonym_replacement,,,,
58,tới giờ rồi giảm âm lượng ti vi xuống một chút nhé,giảm âm lượng của thiết bị,"[{""type"": ""device"", ""filler"": ""ti vi""}]",tới giờ rồi giảm âm lượng ti vi xuống một chút nhé được không,giảm âm lượng của thiết bị,"[{""type"": ""device"", ""filler"": ""ti vi""}]",politeness_addition,,,,
59,bạn ơi giảm giúp mình cái máy lạnh với lạnh quá,giảm nhiệt độ của thiết bị,"[{""type"": ""device"", ""filler"": ""máy lạnh""}]",bạn ơi hạ giúp mình cái máy lạnh với lạnh quá,giảm nhiệt độ của thiết bị,"[{""type"": ""device"", ""filler"": ""máy lạnh""}]",synonym_replacement,,,,
60,đến 11 giờ 27 phút thì tăng cho mình cái radio lên nhớ,tăng âm lượng của thiết bị,"[{""type"": ""time at"", ""filler"": ""11 giờ 27 phút""}, {""type"": ""device"", ""filler"": ""radio""}]",đến 11 giờ 27 phút thì tăng lên cho mình cái radio lên nhớ,tăng âm lượng của thiết bị,"[{""type"": ""time at"", ""filler"": ""11 giờ 27 phút""}, {""type"": ""device"", ""filler"": ""radio""}]",synonym_replacement,,,,
61,"giảm cho mình cái radio xuống còn 65% với, to quá",giảm âm lượng của thiết bị,"[{""type"": ""device"", ""filler"": ""radio""}, {""type"": ""target number"", ""filler"": ""65%""}]","hạ cho mình cái radio xuống còn 65% với, to quá",giảm âm lượng của thiết bị,"[{""type"": ""device"", ""filler"": ""radio""}, {""type"": ""target number"", ""filler"": ""65%""}]",synonym_replacement,,,,
62,"giảm cho mình cái radio xuống còn 65% với, to quá",giảm âm lượng của thiết bị,"[{""type"": ""device"", ""filler"": ""radio""}, {""type"": ""target number"", ""filler"": ""65%""}]","giảm cho mình cái radio xuống còn 65% với, to quá giúp tôi",giảm âm lượng của thiết bị,"[{""type"": ""device"", ""filler"": ""radio""}, {""type"": ""target number"", ""filler"": ""65%""}]",politeness_addition,,,,
63,em ơi giảm cho anh cái ti vi với,giảm âm lượng của thiết bị,"[{""type"": ""device"", ""filler"": ""ti vi""}]",em ơi giảm xuống cho anh cái ti vi với,giảm âm lượng của thiết bị,"[{""type"": ""device"", ""filler"": ""ti vi""}]",synonym_replacement,,,,
64,em ơi giảm cho anh cái ti vi với,giảm âm lượng của thiết bị,"[{""type"": ""device"", ""filler"": ""ti vi""}]",Có thể em ơi giảm cho anh cái ti vi với,giảm âm lượng của thiết bị,"[{""type"": ""device"", ""filler"": ""ti vi""}]",politeness_addition,,,,
65,tiếng bé quá bạn hỗ trợ tăng cho mình cái radio với,tăng âm lượng của thiết bị,"[{""type"": ""device"", ""filler"": ""radio""}]",tiếng bé quá bạn hỗ trợ tăng lên cho mình cái radio với,tăng âm lượng của thiết bị,"[{""type"": ""device"", ""filler"": ""radio""}]",synonym_replacement,,,,
66,tiếng bé quá bạn hỗ trợ tăng cho mình cái radio với,tăng âm lượng của thiết bị,"[{""type"": ""device"", ""filler"": ""radio""}]",Giúp tôi tiếng bé quá bạn hỗ trợ tăng cho mình cái radio với đi,tăng âm lượng của thiết bị,"[{""type"": ""device"", ""filler"": ""radio""}]",politeness_addition,,,,
67,lạnh quá bạn giảm cho mình cái máy lạnh,giảm nhiệt độ của thiết bị,"[{""type"": ""device"", ""filler"": ""máy lạnh""}]",lạnh quá bạn hạ cho mình cái máy lạnh,giảm nhiệt độ của thiết bị,"[{""type"": ""device"", ""filler"": ""máy lạnh""}]",synonym_replacement,,,,
68,lạnh quá bạn giảm cho mình cái máy lạnh,giảm nhiệt độ của thiết bị,"[{""type"": ""device"", ""filler"": ""máy lạnh""}]",lạnh quá bạn giảm cho mình cái máy lạnh nhé,giảm nhiệt độ của thiết bị,"[{""type"": ""device"", ""filler"": ""máy lạnh""}]",politeness_addition,,,,
69,"bật to quá, giảm cho mình cái radio xuống 65% nhé",giảm âm lượng của thiết bị,"[{""type"": ""device"", ""filler"": ""radio""}, {""type"": ""target number"", ""filler"": ""65%""}]","khởi động to quá, giảm cho mình cái radio xuống 65% nhé",giảm âm lượng của thiết bị,"[{""type"": ""device"", ""filler"": ""radio""}, {""type"": ""target number"", ""filler"": ""65%""}]",synonym_replacement,,,,
70,"bật to quá, giảm cho mình cái radio xuống 65% nhé",giảm âm lượng của thiết bị,"[{""type"": ""device"", ""filler"": ""radio""}, {""type"": ""target number"", ""filler"": ""65%""}]","Bạn ơi bật to quá, giảm cho mình cái radio xuống 65% nhé",giảm âm lượng của thiết bị,"[{""type"": ""device"", ""filler"": ""radio""}, {""type"": ""target number"", ""filler"": ""65%""}]",politeness_addition,,,,
71,"lúc 17 giờ 9 phút trời sẽ mát hơn, bạn giảm giúp mình cái máy lạnh lúc đó nhớ",giảm nhiệt độ của thiết bị,"[{""type"": ""time at"", ""filler"": ""17 giờ 9 phút""}, {""type"": ""device"", ""filler"": ""máy lạnh""}]","lúc 17 giờ 9 phút trời sẽ mát hơn, bạn hạ giúp mình cái máy lạnh lúc đó nhớ",giảm nhiệt độ của thiết bị,"[{""type"": ""time at"", ""filler"": ""17 giờ 9 phút""}, {""type"": ""device"", ""filler"": ""máy lạnh""}]",synonym_replacement,,,,
72,tăng âm lượng radio ở trong phòng thay đồ số 2 nhé,tăng âm lượng của thiết bị,"[{""type"": ""device"", ""filler"": ""radio""}, {""type"": ""living_space"", ""filler"": ""phòng thay đồ số 2""}]",tăng lên âm lượng radio ở trong phòng thay đồ số 2 nhé,tăng âm lượng của thiết bị,"[{""type"": ""device"", ""filler"": ""radio""}, {""type"": ""living_space"", ""filler"": ""phòng thay đồ số 2""}]",synonym_replacement,,,,
73,tăng âm lượng radio ở trong phòng thay đồ số 2 nhé,tăng âm lượng của thiết bị,"[{""type"": ""device"", ""filler"": ""radio""}, {""type"": ""living_space"", ""filler"": ""phòng thay đồ số 2""}]",tăng âm lượng radio ở trong phòng thay đồ số 2 nhé nhé,tăng âm lượng của thiết bị,"[{""type"": ""device"", ""filler"": ""radio""}, {""type"": ""living_space"", ""filler"": ""phòng thay đồ số 2""}]",politeness_addition,,,,
74,nhạc to quá em giảm cho anh cái radio xuống 65% nhé,giảm âm lượng của thiết bị,"[{""type"": ""device"", ""filler"": ""radio""}, {""type"": ""target number"", ""filler"": ""65%""}]",nhạc to quá em điều chỉnh xuống cho anh cái radio xuống 65% nhé,giảm âm lượng của thiết bị,"[{""type"": ""device"", ""filler"": ""radio""}, {""type"": ""target number"", ""filler"": ""65%""}]",synonym_replacement,,,,
75,nhạc to quá em giảm cho anh cái radio xuống 65% nhé,giảm âm lượng của thiết bị,"[{""type"": ""device"", ""filler"": ""radio""}, {""type"": ""target number"", ""filler"": ""65%""}]",nhạc to quá em giảm cho anh cái radio xuống 65% nhé đi,giảm âm lượng của thiết bị,"[{""type"": ""device"", ""filler"": ""radio""}, {""type"": ""target number"", ""filler"": ""65%""}]",politeness_addition,,,,
76,bạn ơi tăng giúp tôi cái radio thêm 31% nhé,tăng âm lượng của thiết bị,"[{""type"": ""device"", ""filler"": ""radio""}, {""type"": ""changing value"", ""filler"": ""31%""}]",bạn ơi nâng giúp tôi cái radio thêm 31% nhé,tăng âm lượng của thiết bị,"[{""type"": ""device"", ""filler"": ""radio""}, {""type"": ""changing value"", ""filler"": ""31%""}]",synonym_replacement,,,,
77,bạn ơi tăng giúp tôi cái radio thêm 31% nhé,tăng âm lượng của thiết bị,"[{""type"": ""device"", ""filler"": ""radio""}, {""type"": ""changing value"", ""filler"": ""31%""}]",Có thể bạn ơi tăng giúp tôi cái radio thêm 31% nhé,tăng âm lượng của thiết bị,"[{""type"": ""device"", ""filler"": ""radio""}, {""type"": ""changing value"", ""filler"": ""31%""}]",politeness_addition,,,,
78,em ơi tăng giúp chị cái radio đến 31% đi,tăng âm lượng của thiết bị,"[{""type"": ""device"", ""filler"": ""radio""}, {""type"": ""changing value"", ""filler"": ""31%""}]",em ơi tăng lên giúp chị cái radio đến 31% đi,tăng âm lượng của thiết bị,"[{""type"": ""device"", ""filler"": ""radio""}, {""type"": ""changing value"", ""filler"": ""31%""}]",synonym_replacement,,,,
79,"tiếng radio hơi to, em giảm giúp anh xuống 65% với",giảm âm lượng của thiết bị,"[{""type"": ""device"", ""filler"": ""radio""}, {""type"": ""target number"", ""filler"": ""65%""}]","tiếng radio hơi to, em điều chỉnh xuống giúp anh xuống 65% với",giảm âm lượng của thiết bị,"[{""type"": ""device"", ""filler"": ""radio""}, {""type"": ""target number"", ""filler"": ""65%""}]",synonym_replacement,,,,
80,"cái âm lượng của radio to quá, hãy giảm cho tôi xuống 65% nhá",giảm âm lượng của thiết bị,"[{""type"": ""device"", ""filler"": ""radio""}, {""type"": ""target number"", ""filler"": ""65%""}]","cái âm lượng của radio to quá, hãy điều chỉnh xuống cho tôi xuống 65% nhá",giảm âm lượng của thiết bị,"[{""type"": ""device"", ""filler"": ""radio""}, {""type"": ""target number"", ""filler"": ""65%""}]",synonym_replacement,,,,
81,"cái âm lượng của radio to quá, hãy giảm cho tôi xuống 65% nhá",giảm âm lượng của thiết bị,"[{""type"": ""device"", ""filler"": ""radio""}, {""type"": ""target number"", ""filler"": ""65%""}]","Có thể cái âm lượng của radio to quá, hãy giảm cho tôi xuống 65% nhá",giảm âm lượng của thiết bị,"[{""type"": ""device"", ""filler"": ""radio""}, {""type"": ""target number"", ""filler"": ""65%""}]",politeness_addition,,,,
82,em ơi radio hơi to em giảm giúp anh với,giảm âm lượng của thiết bị,"[{""type"": ""device"", ""filler"": ""radio""}]",em ơi radio hơi to em giảm xuống giúp anh với,giảm âm lượng của thiết bị,"[{""type"": ""device"", ""filler"": ""radio""}]",synonym_replacement,,,,
83,em ơi radio hơi to em giảm giúp anh với,giảm âm lượng của thiết bị,"[{""type"": ""device"", ""filler"": ""radio""}]",Giúp tôi em ơi radio hơi to em giảm giúp anh với,giảm âm lượng của thiết bị,"[{""type"": ""device"", ""filler"": ""radio""}]",politeness_addition,,,,
84,tăng cho chị cái radio trong phòng thay đồ số 2 lên khoảng 38%,tăng âm lượng của thiết bị,"[{""type"": ""device"", ""filler"": ""radio""}, {""type"": ""living_space"", ""filler"": ""phòng thay đồ số 2""}, {""type"": ""target number"", ""filler"": ""38%""}]",tăng lên cho chị cái radio trong phòng thay đồ số 2 lên khoảng 38%,tăng âm lượng của thiết bị,"[{""type"": ""device"", ""filler"": ""radio""}, {""type"": ""living_space"", ""filler"": ""phòng thay đồ số 2""}, {""type"": ""target number"", ""filler"": ""38%""}]",synonym_replacement,,,,
85,tăng cho chị cái radio trong phòng thay đồ số 2 lên khoảng 38%,tăng âm lượng của thiết bị,"[{""type"": ""device"", ""filler"": ""radio""}, {""type"": ""living_space"", ""filler"": ""phòng thay đồ số 2""}, {""type"": ""target number"", ""filler"": ""38%""}]",tăng cho chị cái radio trong phòng thay đồ số 2 lên khoảng 38% nha,tăng âm lượng của thiết bị,"[{""type"": ""device"", ""filler"": ""radio""}, {""type"": ""living_space"", ""filler"": ""phòng thay đồ số 2""}, {""type"": ""target number"", ""filler"": ""38%""}]",politeness_addition,,,,
86,"trời cũng đỡ lạnh rùi em ơi, giảm hộ anh cái bóng sưởi xuống 76% nhá",giảm nhiệt độ của thiết bị,"[{""type"": ""device"", ""filler"": ""bóng sưởi""}, {""type"": ""target number"", ""filler"": ""76%""}]","trời cũng đỡ lạnh rùi em ơi, giảm xuống hộ anh cái bóng sưởi xuống 76% nhá",giảm nhiệt độ của thiết bị,"[{""type"": ""device"", ""filler"": ""bóng sưởi""}, {""type"": ""target number"", ""filler"": ""76%""}]",synonym_replacement,,,,
87,tăng cho mình cái radio ở phòng thay đồ số 2 với,tăng âm lượng của thiết bị,"[{""type"": ""device"", ""filler"": ""radio""}, {""type"": ""living_space"", ""filler"": ""phòng thay đồ số 2""}]",nâng cho mình cái radio ở phòng thay đồ số 2 với,tăng âm lượng của thiết bị,"[{""type"": ""device"", ""filler"": ""radio""}, {""type"": ""living_space"", ""filler"": ""phòng thay đồ số 2""}]",synonym_replacement,,,,
88,tăng cho mình cái radio ở phòng thay đồ số 2 với,tăng âm lượng của thiết bị,"[{""type"": ""device"", ""filler"": ""radio""}, {""type"": ""living_space"", ""filler"": ""phòng thay đồ số 2""}]",Xin hãy tăng cho mình cái radio ở phòng thay đồ số 2 với,tăng âm lượng của thiết bị,"[{""type"": ""device"", ""filler"": ""radio""}, {""type"": ""living_space"", ""filler"": ""phòng thay đồ số 2""}]",politeness_addition,,,,
89,em giảm cho chị cái máy lạnh xuống đi không dùng nữa đâu,giảm nhiệt độ của thiết bị,"[{""type"": ""device"", ""filler"": ""máy lạnh""}]",em giảm xuống cho chị cái máy lạnh xuống đi không dùng nữa đâu,giảm nhiệt độ của thiết bị,"[{""type"": ""device"", ""filler"": ""máy lạnh""}]",synonym_replacement,,,,
90,bạn tăng cho tớ cái radio lên với,tăng âm lượng của thiết bị,"[{""type"": ""device"", ""filler"": ""radio""}]",bạn nâng cho tớ cái radio lên với,tăng âm lượng của thiết bị,"[{""type"": ""device"", ""filler"": ""radio""}]",synonym_replacement,,,,
91,"lạnh quá, em giảm cho anh cái máy lạnh với",giảm nhiệt độ của thiết bị,"[{""type"": ""device"", ""filler"": ""máy lạnh""}]","lạnh quá, em điều chỉnh xuống cho anh cái máy lạnh với",giảm nhiệt độ của thiết bị,"[{""type"": ""device"", ""filler"": ""máy lạnh""}]",synonym_replacement,,,,
92,"lạnh quá, em giảm cho anh cái máy lạnh với",giảm nhiệt độ của thiết bị,"[{""type"": ""device"", ""filler"": ""máy lạnh""}]","Bạn ơi lạnh quá, em giảm cho anh cái máy lạnh với",giảm nhiệt độ của thiết bị,"[{""type"": ""device"", ""filler"": ""máy lạnh""}]",politeness_addition,,,,
93,em ơi giảm cho anh cái máy lạnh với,giảm nhiệt độ của thiết bị,"[{""type"": ""device"", ""filler"": ""máy lạnh""}]",em ơi điều chỉnh xuống cho anh cái máy lạnh với,giảm nhiệt độ của thiết bị,"[{""type"": ""device"", ""filler"": ""máy lạnh""}]",synonym_replacement,,,,
94,em ơi giảm cho anh cái máy lạnh với,giảm nhiệt độ của thiết bị,"[{""type"": ""device"", ""filler"": ""máy lạnh""}]",Anh/chị ơi em ơi giảm cho anh cái máy lạnh với,giảm nhiệt độ của thiết bị,"[{""type"": ""device"", ""filler"": ""máy lạnh""}]",politeness_addition,,,,
95,em ơi giảm cho anh cái radio xuống 65% với,giảm âm lượng của thiết bị,"[{""type"": ""device"", ""filler"": ""radio""}, {""type"": ""target number"", ""filler"": ""65%""}]",em ơi hạ cho anh cái radio xuống 65% với,giảm âm lượng của thiết bị,"[{""type"": ""device"", ""filler"": ""radio""}, {""type"": ""target number"", ""filler"": ""65%""}]",synonym_replacement,,,,
96,em ơi giảm cho anh cái radio xuống 65% với,giảm âm lượng của thiết bị,"[{""type"": ""device"", ""filler"": ""radio""}, {""type"": ""target number"", ""filler"": ""65%""}]",Anh/chị ơi em ơi giảm cho anh cái radio xuống 65% với nhé,giảm âm lượng của thiết bị,"[{""type"": ""device"", ""filler"": ""radio""}, {""type"": ""target number"", ""filler"": ""65%""}]",politeness_addition,,,,
97,bạn ơi hãy tăng ti vi lên,tăng âm lượng của thiết bị,"[{""type"": ""device"", ""filler"": ""ti vi""}]",bạn ơi hãy nâng ti vi lên,tăng âm lượng của thiết bị,"[{""type"": ""device"", ""filler"": ""ti vi""}]",synonym_replacement,,,,
98,bạn ơi hãy tăng ti vi lên,tăng âm lượng của thiết bị,"[{""type"": ""device"", ""filler"": ""ti vi""}]",bạn ơi hãy tăng ti vi lên được không,tăng âm lượng của thiết bị,"[{""type"": ""device"", ""filler"": ""ti vi""}]",politeness_addition,,,,
99,"vẫn hơi nóng, giảm cho anh cái máy lạnh xuống em ơi",giảm nhiệt độ của thiết bị,"[{""type"": ""device"", ""filler"": ""máy lạnh""}]","vẫn hơi nóng, giảm xuống cho anh cái máy lạnh xuống em ơi",giảm nhiệt độ của thiết bị,"[{""type"": ""device"", ""filler"": ""máy lạnh""}]",synonym_replacement,,,,
100,"vẫn hơi nóng, giảm cho anh cái máy lạnh xuống em ơi",giảm nhiệt độ của thiết bị,"[{""type"": ""device"", ""filler"": ""máy lạnh""}]","Giúp tôi vẫn hơi nóng, giảm cho anh cái máy lạnh xuống em ơi đi",giảm nhiệt độ của thiết bị,"[{""type"": ""device"", ""filler"": ""máy lạnh""}]",politeness_addition,,,,
